USE users_TinySteps;
INSERT INTO users (id, first_name, last_name, password, role) VALUES ('300000001', 'Bob', 'Johnson', 'bob123', 'nurse');
INSERT INTO users (id, first_name, last_name, password, role) VALUES ('300000002', 'Carol', 'Brown', 'carol123', 'nurse');
INSERT INTO users (id, first_name, last_name, password, role) VALUES ('300000003', 'David', 'Williams', 'david123', 'nurse');
INSERT INTO users (id, first_name, last_name, password, role) VALUES ('300000004', 'Emma', 'Jones', 'emma123', 'nurse');
INSERT INTO users (id, first_name, last_name, password, role) VALUES ('300000005', 'Frank', 'Miller', 'frank123', 'nurse');
INSERT INTO users (id, first_name, last_name, password, role) VALUES ('300000006', 'Grace', 'Davis', 'grace123', 'nurse');
INSERT INTO users (id, first_name, last_name, password, role) VALUES ('300000007', 'Helen', 'Garcia', 'helen123', 'nurse');
INSERT INTO users (id, first_name, last_name, password, role) VALUES ('300000008', 'Ian', 'Martinez', 'ian123', 'nurse');
INSERT INTO users (id, first_name, last_name, password, role) VALUES ('300000009', 'Jane', 'Lee', 'jane123', 'nurse');
INSERT INTO users (id, first_name, last_name, password, role) VALUES ('300000010', 'Kate', 'Smith', 'kate123', 'nurse');
INSERT INTO users (id, first_name, last_name, password, role) VALUES ('300000011', 'Luke', 'Johnson', 'luke123', 'parent');
INSERT INTO users (id, first_name, last_name, password, role) VALUES ('300000012', 'Mona', 'Brown', 'mona123', 'parent');
INSERT INTO users (id, first_name, last_name, password, role) VALUES ('300000013', 'Nate', 'Williams', 'nate123', 'parent');
INSERT INTO users (id, first_name, last_name, password, role) VALUES ('300000014', 'Olivia', 'Jones', 'olivia123', 'parent');
INSERT INTO users (id, first_name, last_name, password, role) VALUES ('300000015', 'Alice', 'Miller', 'alice123', 'parent');

USE TinySteps;
INSERT INTO children (id, name, birth_date, parent_id) VALUES ('400000000', 'Dany', '2022-07-21', '300000011');
INSERT INTO children (id, name, birth_date, parent_id) VALUES ('400000002', 'Malka', '2020-07-21', '300000012');
INSERT INTO children (id, name, birth_date, parent_id) VALUES ('400000004', 'Tamar', '2022-07-21', '300000013');
INSERT INTO children (id, name, birth_date, parent_id) VALUES ('400000006', 'Esthy', '2023-07-21', '300000014');
INSERT INTO children (id, name, birth_date, parent_id) VALUES ('400000007', 'Shira', '2019-07-22', '300000014');
INSERT INTO children (id, name, birth_date, parent_id) VALUES ('400000008', 'Hadar', '2023-07-21', '300000015');

INSERT INTO measurements (id, child_id, date, weight_kg, height_cm) VALUES (1, '400000000', '2025-04-27', 25.44, 127.67);
INSERT INTO measurements (id, child_id, date, weight_kg, height_cm) VALUES (2, '400000000', '2025-05-22', 14.64, 113.67);
INSERT INTO measurements (id, child_id, date, weight_kg, height_cm) VALUES (3, '400000002', '2025-03-19', 10.49, 90.26);
INSERT INTO measurements (id, child_id, date, weight_kg, height_cm) VALUES (4, '400000002', '2025-06-26', 29.55, 105.52);
INSERT INTO measurements (id, child_id, date, weight_kg, height_cm) VALUES (5, '400000004', '2025-07-18', 26.83, 125.0);
INSERT INTO measurements (id, child_id, date, weight_kg, height_cm) VALUES (6, '400000004', '2025-04-13', 17.42, 81.27);
INSERT INTO measurements (id, child_id, date, weight_kg, height_cm) VALUES (7, '400000006', '2025-06-15', 17.64, 119.03);
INSERT INTO measurements (id, child_id, date, weight_kg, height_cm) VALUES (8, '400000006', '2025-01-18', 17.23, 86.4);
INSERT INTO measurements (id, child_id, date, weight_kg, height_cm) VALUES (9, '400000007', '2025-03-13', 13.18, 85.33);
INSERT INTO measurements (id, child_id, date, weight_kg, height_cm) VALUES (10, '400000007', '2025-04-08', 27.07, 103.31);
INSERT INTO measurements (id, child_id, date, weight_kg, height_cm) VALUES (11, '400000008', '2025-06-23', 24.4, 96.11);
INSERT INTO measurements (id, child_id, date, weight_kg, height_cm) VALUES (12, '400000008', '2025-07-16', 21.74, 101.85);

INSERT INTO files (id, child_id, uploaded_by, file_path, description, upload_date) VALUES (1, '400000000', '300000003', '/files/child_400000000_file1.pdf', 'Medical report 1 for child 400000000', '2025-07-20 12:38:24');
INSERT INTO files (id, child_id, uploaded_by, file_path, description, upload_date) VALUES (2, '400000000', '300000008', '/files/child_400000000_file2.pdf', 'Medical report 2 for child 400000000', '2025-07-20 12:38:24');
INSERT INTO files (id, child_id, uploaded_by, file_path, description, upload_date) VALUES (3, '400000002', '300000013', '/files/child_400000002_file1.pdf', 'Medical report 1 for child 400000002', '2025-07-20 12:38:24');
INSERT INTO files (id, child_id, uploaded_by, file_path, description, upload_date) VALUES (4, '400000002', '300000007', '/files/child_400000002_file2.pdf', 'Medical report 2 for child 400000002', '2025-07-20 12:38:24');
INSERT INTO files (id, child_id, uploaded_by, file_path, description, upload_date) VALUES (5, '400000004', '300000006', '/files/child_400000004_file1.pdf', 'Medical report 1 for child 400000004', '2025-07-20 12:38:24');
INSERT INTO files (id, child_id, uploaded_by, file_path, description, upload_date) VALUES (6, '400000004', '300000011', '/files/child_400000004_file2.pdf', 'Medical report 2 for child 400000004', '2025-07-20 12:38:24');
INSERT INTO files (id, child_id, uploaded_by, file_path, description, upload_date) VALUES (7, '400000006', '300000010', '/files/child_400000006_file1.pdf', 'Medical report 1 for child 400000006', '2025-07-20 12:38:24');
INSERT INTO files (id, child_id, uploaded_by, file_path, description, upload_date) VALUES (8, '400000006', '300000005', '/files/child_400000006_file2.pdf', 'Medical report 2 for child 400000006', '2025-07-20 12:38:24');
INSERT INTO files (id, child_id, uploaded_by, file_path, description, upload_date) VALUES (9, '400000007', '300000014', '/files/child_400000007_file1.pdf', 'Medical report 1 for child 400000007', '2025-07-20 12:38:24');
INSERT INTO files (id, child_id, uploaded_by, file_path, description, upload_date) VALUES (10, '400000007', '300000011', '/files/child_400000007_file2.pdf', 'Medical report 2 for child 400000007', '2025-07-20 12:38:24');
INSERT INTO files (id, child_id, uploaded_by, file_path, description, upload_date) VALUES (11, '400000008', '300000015', '/files/child_400000008_file1.pdf', 'Medical report 1 for child 400000008', '2025-07-20 12:38:24');
INSERT INTO files (id, child_id, uploaded_by, file_path, description, upload_date) VALUES (12, '400000008', '300000001', '/files/child_400000008_file2.pdf', 'Medical report 2 for child 400000008', '2025-07-20 12:38:24');

INSERT INTO appointments (id, nurse_id, child_id, appointment_time, status) VALUES (1, '300000006', '400000006', '2025-07-21 22:00:00', 'booked');
INSERT INTO appointments (id, nurse_id, child_id, appointment_time, status) VALUES (2, '300000001', NULL, '2025-08-12 20:00:00', 'available');
INSERT INTO appointments (id, nurse_id, child_id, appointment_time, status) VALUES (3, '300000007', NULL, '2025-07-31 21:00:00', 'available');
INSERT INTO appointments (id, nurse_id, child_id, appointment_time, status) VALUES (4, '300000003', NULL, '2025-08-18 02:00:00', 'available');
INSERT INTO appointments (id, nurse_id, child_id, appointment_time, status) VALUES (5, '300000010', NULL, '2025-08-13 23:00:00', 'available');
INSERT INTO appointments (id, nurse_id, child_id, appointment_time, status) VALUES (6, '300000007', NULL, '2025-07-29 05:00:00', 'available');
INSERT INTO appointments (id, nurse_id, child_id, appointment_time, status) VALUES (7, '300000009', NULL, '2025-08-15 05:00:00', 'available');
INSERT INTO appointments (id, nurse_id, child_id, appointment_time, status) VALUES (8, '300000010', NULL, '2025-08-14 23:00:00', 'available');
INSERT INTO appointments (id, nurse_id, child_id, appointment_time, status) VALUES (9, '300000002', NULL, '2025-08-03 22:00:00', 'available');
INSERT INTO appointments (id, nurse_id, child_id, appointment_time, status) VALUES (10, '300000004', NULL, '2025-08-09 20:00:00', 'available');
INSERT INTO appointments (id, nurse_id, child_id, appointment_time, status) VALUES (11, '300000009', '400000000', '2025-08-19 22:00:00', 'booked');
INSERT INTO appointments (id, nurse_id, child_id, appointment_time, status) VALUES (12, '300000006', '400000007', '2025-08-14 23:00:00', 'booked');
INSERT INTO appointments (id, nurse_id, child_id, appointment_time, status) VALUES (13, '300000003', '400000008', '2025-08-14 21:00:00', 'booked');
INSERT INTO appointments (id, nurse_id, child_id, appointment_time, status) VALUES (14, '300000003', '400000007', '2025-08-16 03:00:00', 'booked');
INSERT INTO appointments (id, nurse_id, child_id, appointment_time, status) VALUES (15, '300000004', '400000004', '2025-08-19 20:00:00', 'booked');
INSERT INTO appointments (id, nurse_id, child_id, appointment_time, status) VALUES (16, '300000002', NULL, '2025-08-13 20:00:00', 'available');
INSERT INTO appointments (id, nurse_id, child_id, appointment_time, status) VALUES (17, '300000008', NULL, '2025-08-11 05:00:00', 'available');
INSERT INTO appointments (id, nurse_id, child_id, appointment_time, status) VALUES (18, '300000004', NULL, '2025-08-08 00:00:00', 'available');
INSERT INTO appointments (id, nurse_id, child_id, appointment_time, status) VALUES (19, '300000004', '400000006', '2025-08-11 03:00:00', 'booked');
INSERT INTO appointments (id, nurse_id, child_id, appointment_time, status) VALUES (20, '300000010', NULL, '2025-08-04 20:00:00', 'available');
INSERT INTO appointments (id, nurse_id, child_id, appointment_time, status) VALUES (21, '300000008', '400000006', '2025-07-27 22:00:00', 'booked');
INSERT INTO appointments (id, nurse_id, child_id, appointment_time, status) VALUES (22, '300000001', NULL, '2025-08-08 02:00:00', 'available');
INSERT INTO appointments (id, nurse_id, child_id, appointment_time, status) VALUES (23, '300000009', NULL, '2025-08-18 05:00:00', 'available');
INSERT INTO appointments (id, nurse_id, child_id, appointment_time, status) VALUES (24, '300000009', NULL, '2025-07-27 00:00:00', 'available');
INSERT INTO appointments (id, nurse_id, child_id, appointment_time, status) VALUES (25, '300000006', NULL, '2025-08-02 03:00:00', 'available');
INSERT INTO appointments (id, nurse_id, child_id, appointment_time, status) VALUES (26, '300000009', NULL, '2025-07-26 02:00:00', 'available');
INSERT INTO appointments (id, nurse_id, child_id, appointment_time, status) VALUES (27, '300000006', '400000000', '2025-08-11 03:00:00', 'booked');
INSERT INTO appointments (id, nurse_id, child_id, appointment_time, status) VALUES (28, '300000001', '400000000', '2025-08-08 21:00:00', 'booked');
INSERT INTO appointments (id, nurse_id, child_id, appointment_time, status) VALUES (29, '300000001', NULL, '2025-08-10 02:00:00', 'available');
INSERT INTO appointments (id, nurse_id, child_id, appointment_time, status) VALUES (30, '300000003', '400000002', '2025-08-10 00:00:00', 'booked');